No;Jenis Rambu;E;N;Kelurahan;Kecamatan;Kabupaten ;Tahun;Foto
1;Jalur Evakuasi;-7.7774;113.21662;Jrebeng Wetan;Kedopak;Kota Probolinggo;2021;C:\Users\ardha\Documents\Data Rambu dan EWS\For GIS\Photos\0001.png
2;Jalur Evakuasi;-7.77558;113.21238;Jrebeng Wetan;Kedopak;Kota Probolinggo;2021;C:\Users\ardha\Documents\Data Rambu dan EWS\For GIS\Photos\0002.png
3;Jalur Evakuasi;-7.75249;113.23055;Wiroborang;Mayangan;Kota Probolinggo;2021;C:\Users\ardha\Documents\Data Rambu dan EWS\For GIS\Photos\0003.png
4;Titik Kumpul;-7.76314;113.23171;Wiroborang;Mayangan;Kota Probolinggo;2021;C:\Users\ardha\Documents\Data Rambu dan EWS\For GIS\Photos\0004.png
5;Jalur Evakuasi;-7.76951;113.21562;Kanigaran;Kanigaran;Kota Probolinggo;2021;C:\Users\ardha\Documents\Data Rambu dan EWS\For GIS\Photos\0005.png
6;Jalur Evakuasi;-7.76587;113.2138;Kanigaran;Kanigaran;Kota Probolinggo;2021;C:\Users\ardha\Documents\Data Rambu dan EWS\For GIS\Photos\0006.png
7;Peringatan Banjir;-7.76137;113.21258;Kanigaran;Kanigaran;Kota Probolinggo;2021;C:\Users\ardha\Documents\Data Rambu dan EWS\For GIS\Photos\0007.png
8;Jalur Evakuasi;-7.77838;113.21635;Jrebeng Wetan;Kedopak;Kota Probolinggo;2021;C:\Users\ardha\Documents\Data Rambu dan EWS\For GIS\Photos\0008.png
9;Jalur Evakuasi;-7.77933;113.21346;Jrebeng Wetan;Kedopak;Kota Probolinggo;2021;C:\Users\ardha\Documents\Data Rambu dan EWS\For GIS\Photos\0009.png
10;Jalur Evakuasi;-7.77585;113.21294;Jrebeng Wetan;Kedopak;Kota Probolinggo;2021;C:\Users\ardha\Documents\Data Rambu dan EWS\For GIS\Photos\0010.png
11;Jalur Evakuasi;-7.77591;113.21377;Jrebeng Wetan;Kedopak;Kota Probolinggo;2021;C:\Users\ardha\Documents\Data Rambu dan EWS\For GIS\Photos\0011.png
12;Titik Kumpul;-7.77591;113.21377;Jrebeng Wetan;Kedopak;Kota Probolinggo;2021;C:\Users\ardha\Documents\Data Rambu dan EWS\For GIS\Photos\0012.png
13;Jalur Evakuasi;-7.76101;113.231;Wiroborang;Mayangan;Kota Probolinggo;2021;C:\Users\ardha\Documents\Data Rambu dan EWS\For GIS\Photos\0013.png
14;Jalur Evakuasi;-7.75546;113.2317;Wiroborang;Mayangan;Kota Probolinggo;2021;C:\Users\ardha\Documents\Data Rambu dan EWS\For GIS\Photos\0014.png
15;Jalur Evakuasi;-7.76578;113.20413;Kanigaran;Kanigaran;Kota Probolinggo;2021;C:\Users\ardha\Documents\Data Rambu dan EWS\For GIS\Photos\0015.png
16;Jalur Evakuasi;-7.76119;113.21644;Kanigaran;Kanigaran;Kota Probolinggo;2021;C:\Users\ardha\Documents\Data Rambu dan EWS\For GIS\Photos\0016.png
17;Jalur Evakuasi;-7.767;113.21379;Kanigaran;Kanigaran;Kota Probolinggo;2021;C:\Users\ardha\Documents\Data Rambu dan EWS\For GIS\Photos\0017.png
18;Jalur Evakuasi;-7.76347;113.21557;Kanigaran;Kanigaran;Kota Probolinggo;2021;C:\Users\ardha\Documents\Data Rambu dan EWS\For GIS\Photos\0018.png
19;Titik Kumpul;-7.77889;113.21251;Jrebeng Wetan;Kedopak;Kota Probolinggo;2021;C:\Users\ardha\Documents\Data Rambu dan EWS\For GIS\Photos\0019.png
20;Peringatan Banjir;-7.78099;113.21715;Jrebeng Kidul;Wonoasih;Kota Probolinggo;2021;C:\Users\ardha\Documents\Data Rambu dan EWS\For GIS\Photos\0020.png
21;Jalur Evakuasi;-7.77484;113.21248;Jrebeng Wetan;Kedopak;Kota Probolinggo;2021;C:\Users\ardha\Documents\Data Rambu dan EWS\For GIS\Photos\0021.png
22;Jalur Evakuasi;-7.7774;113.21378;Jrebeng Wetan;Kedopak;Kota Probolinggo;2021;C:\Users\ardha\Documents\Data Rambu dan EWS\For GIS\Photos\0022.png
23;Jalur Evakuasi;-7.78097;113.21662;Jrebeng Wetan;Kedopak;Kota Probolinggo;2021;C:\Users\ardha\Documents\Data Rambu dan EWS\For GIS\Photos\0023.png
24;Jalur Evakuasi;-7.76319;113.23222;Wiroborang;Mayangan;Kota Probolinggo;2021;C:\Users\ardha\Documents\Data Rambu dan EWS\For GIS\Photos\0024.png
25;Titik Kumpul;-7.75717;113.23124;Wiroborang;Mayangan;Kota Probolinggo;2021;C:\Users\ardha\Documents\Data Rambu dan EWS\For GIS\Photos\0025.png
26;Jalur Evakuasi;-7.76476;113.20023;Kanigaran;Kanigaran;Kota Probolinggo;2021;C:\Users\ardha\Documents\Data Rambu dan EWS\For GIS\Photos\0026.png
27;Jalur Evakuasi;-7.76564;113.21643;Kanigaran;Kanigaran;Kota Probolinggo;2021;C:\Users\ardha\Documents\Data Rambu dan EWS\For GIS\Photos\0027.png
28;Titik Kumpul;-7.7671;113.2102;Kanigaran;Kanigaran;Kota Probolinggo;2021;C:\Users\ardha\Documents\Data Rambu dan EWS\For GIS\Photos\0028.png
29;Peringatan Banjir;-7.76424;113.21744;Kanigaran;Kanigaran;Kota Probolinggo;2021;C:\Users\ardha\Documents\Data Rambu dan EWS\For GIS\Photos\0029.png
30;Jalur Evakuasi;-7.77487;113.21295;Jrebeng Wetan;Kedopak;Kota Probolinggo;2021;C:\Users\ardha\Documents\Data Rambu dan EWS\For GIS\Photos\0030.png
31;Jalur Evakuasi;-7.777867;113.21366;Jrebeng Wetan;Kedopak;Kota Probolinggo;2021;C:\Users\ardha\Documents\Data Rambu dan EWS\For GIS\Photos\0031.png
32;Jalur Evakuasi;-7.77758;113.21276;Jrebeng Wetan;Kedopak;Kota Probolinggo;2021;C:\Users\ardha\Documents\Data Rambu dan EWS\For GIS\Photos\0032.png
33;Jalur Evakuasi;-7.77802;113.21375;Jrebeng Wetan;Kedopak;Kota Probolinggo;2021;C:\Users\ardha\Documents\Data Rambu dan EWS\For GIS\Photos\0033.png
34;Jalur Evakuasi;-7.7807;113.21674;Jrebeng Kidul;Wonoasih;Kota Probolinggo;2021;C:\Users\ardha\Documents\Data Rambu dan EWS\For GIS\Photos\0034.png
35;Jalur Evakuasi;-7.76162;113.23204;Wiroborang;Mayangan;Kota Probolinggo;2021;C:\Users\ardha\Documents\Data Rambu dan EWS\For GIS\Photos\0035.png
36;Peringatan Banjir;-7.75252;113.22997;Wiroborang;Mayangan;Kota Probolinggo;2021;C:\Users\ardha\Documents\Data Rambu dan EWS\For GIS\Photos\0036.png
37;Jalur Evakuasi;-7.76317;113.2123;Kanigaran;Kanigaran;Kota Probolinggo;2021;C:\Users\ardha\Documents\Data Rambu dan EWS\For GIS\Photos\0037.png
38;Peringatan Banjir;-7.76173;113.21418;Kanigaran;Kanigaran;Kota Probolinggo;2021;C:\Users\ardha\Documents\Data Rambu dan EWS\For GIS\Photos\0038.png
39;Titik Kumpul;-7.76329;113.21414;Kanigaran;Kanigaran;Kota Probolinggo;2021;C:\Users\ardha\Documents\Data Rambu dan EWS\For GIS\Photos\0039.png
40;Jalur Evakuasi;-7.76848;113.21368;Kanigaran;Kanigaran;Kota Probolinggo;2021;C:\Users\ardha\Documents\Data Rambu dan EWS\For GIS\Photos\0040.png
41;Jalur Evakuasi;-7.76363;113.21632;Kanigaran;Kanigaran;Kota Probolinggo;2021;C:\Users\ardha\Documents\Data Rambu dan EWS\For GIS\Photos\0041.png
42;Jalur Evakuasi;-7.77768;113.21369;Jrebeng Wetan;Kedopak;Kota Probolinggo;2021;C:\Users\ardha\Documents\Data Rambu dan EWS\For GIS\Photos\0042.png
43;Jalur Evakuasi;-7.77699;113.21282;Kanigaran;Kanigaran;Kota Probolinggo;2021;C:\Users\ardha\Documents\Data Rambu dan EWS\For GIS\Photos\0043.png
44;Jalur Evakuasi;-7.77831;113.21366;Jrebeng Wetan;Kedopak;Kota Probolinggo;2021;C:\Users\ardha\Documents\Data Rambu dan EWS\For GIS\Photos\0044.png
45;Jalur Evakuasi;-7.7808;113.2158;Jrebeng Wetan;Kedopak;Kota Probolinggo;2021;C:\Users\ardha\Documents\Data Rambu dan EWS\For GIS\Photos\0045.png
46;Jalur Evakuasi;-7.75494;113.22986;Wiroborang;Mayangan;Kota Probolinggo;2021;C:\Users\ardha\Documents\Data Rambu dan EWS\For GIS\Photos\0046.png
47;Jalur Evakuasi;-7.76289;113.23046;Sukoharjo;Kanigaran;Kota Probolinggo;2021;C:\Users\ardha\Documents\Data Rambu dan EWS\For GIS\Photos\0047.png
48;Jalur Evakuasi;-7.76173;113.21418;Kanigaran;Kanigaran;Kota Probolinggo;2021;C:\Users\ardha\Documents\Data Rambu dan EWS\For GIS\Photos\0048.png
49;Jalur Evakuasi;-7.76974;113.21659;Kanigaran;Kanigaran;Kota Probolinggo;2021;C:\Users\ardha\Documents\Data Rambu dan EWS\For GIS\Photos\0049.png
50;Jalur Evakuasi;-7.76512;113.20199;Kanigaran;Kanigaran;Kota Probolinggo;2021;C:\Users\ardha\Documents\Data Rambu dan EWS\For GIS\Photos\0050.png
51;Jalur Evakuasi;-7.52536;111.63884;Purworejo;Pilangkenceng;Madiun;2021;C:\Users\ardha\Documents\Data Rambu dan EWS\For GIS\Photos\0051.png
52;Jalur Evakuasi;-7.52418;111.64169;Purworejo;Pilangkenceng;Madiun;2021;C:\Users\ardha\Documents\Data Rambu dan EWS\For GIS\Photos\0052.png
53;Jalur Evakuasi;-7.52335;111.64092;Purworejo;Pilangkenceng;Madiun;2021;C:\Users\ardha\Documents\Data Rambu dan EWS\For GIS\Photos\0053.png
54;Titik Kumpul;-7.52702;111.71081;Klumutan;Saradan;Madiun;2021;C:\Users\ardha\Documents\Data Rambu dan EWS\For GIS\Photos\0054.png
55;Peringatan Banjir;-7.5299;111.71187;Klumutan;Saradan;Madiun;2021;C:\Users\ardha\Documents\Data Rambu dan EWS\For GIS\Photos\0055.png
56;Titik Kumpul;-7.52769;111.71192;Klumutan;Saradan;Madiun;2021;C:\Users\ardha\Documents\Data Rambu dan EWS\For GIS\Photos\0056.png
57;Peringatan Banjir;-7.52728;111.71077;Klumutan;Saradan;Madiun;2021;C:\Users\ardha\Documents\Data Rambu dan EWS\For GIS\Photos\0057.png
58;Jalur Evakuasi;-7.46988;111.75216;Sumberbendo;Saradan;Madiun;2021;C:\Users\ardha\Documents\Data Rambu dan EWS\For GIS\Photos\0058.png
59;Jalur Evakuasi;-7.46598;111.7495;Sumberbendo;Saradan;Madiun;2021;C:\Users\ardha\Documents\Data Rambu dan EWS\For GIS\Photos\0059.png
60;Titik Kumpul;-7.4686;111.75458;Sumberbendo;Saradan;Madiun;2021;C:\Users\ardha\Documents\Data Rambu dan EWS\For GIS\Photos\0060.png
61;Jalur Evakuasi;-7.46993;111.75349;Sumberbendo;Saradan;Madiun;2021;C:\Users\ardha\Documents\Data Rambu dan EWS\For GIS\Photos\0061.png
62;Jalur Evakuasi;-7.62335;111.69274;Tawangrejo;Gemarang;Madiun;2021;C:\Users\ardha\Documents\Data Rambu dan EWS\For GIS\Photos\0062.png
63;Jalur Evakuasi;-7.65541;111.70088;Plosorejo;Gemarang;Madiun;2021;C:\Users\ardha\Documents\Data Rambu dan EWS\For GIS\Photos\0063.png
64;Peringatan Longsor;-7.6536;111.72892;Tawangrejo;Gemarang;Madiun;2021;C:\Users\ardha\Documents\Data Rambu dan EWS\For GIS\Photos\0064.png
65;Jalur Evakuasi;-7.63532;111.69284;Tawangrejo;Gemarang;Madiun;2021;C:\Users\ardha\Documents\Data Rambu dan EWS\For GIS\Photos\0065.png
66;Peringatan Longsor;-7.62056;111.69237;Tawangrejo;Gemarang;Madiun;2021;C:\Users\ardha\Documents\Data Rambu dan EWS\For GIS\Photos\0066.png
67;Peringatan Longsor;-7.69715;111.71129;Batok;Gemarang;Madiun;2021;C:\Users\ardha\Documents\Data Rambu dan EWS\For GIS\Photos\0067.png
68;Titik Kumpul;-7.51859;111.66285;Kedungrejo;Pilangkenceng;Madiun;2021;C:\Users\ardha\Documents\Data Rambu dan EWS\For GIS\Photos\0068.png
69;Peringatan Banjir;-7.5255;111.64722;Ngampel;Mejayan;Madiun;2021;C:\Users\ardha\Documents\Data Rambu dan EWS\For GIS\Photos\0069.png
70;Jalur Evakuasi;-7.52579;111.65154;Kedungrejo;Pilangkenceng;Madiun;2021;C:\Users\ardha\Documents\Data Rambu dan EWS\For GIS\Photos\0070.png
71;Jalur Evakuasi;-7.52679;111.63711;Buduran;Pilangkenceng;Madiun;2021;C:\Users\ardha\Documents\Data Rambu dan EWS\For GIS\Photos\0071.png
72;Titik Kumpul;-7.52225;111.6382;Purworejo;Pilangkenceng;Madiun;2021;C:\Users\ardha\Documents\Data Rambu dan EWS\For GIS\Photos\0072.png
73;Jalur Evakuasi;-7.52442;111.6352;Purworejo;Pilangkenceng;Madiun;2021;C:\Users\ardha\Documents\Data Rambu dan EWS\For GIS\Photos\0073.png
74;Jalur Evakuasi;-7.5279;111.7098;Klumutan;Saradan;Madiun;2021;C:\Users\ardha\Documents\Data Rambu dan EWS\For GIS\Photos\0074.png
75;Peringatan Banjir;-7.52869;111.72797;Klumutan;Saradan;Madiun;2021;C:\Users\ardha\Documents\Data Rambu dan EWS\For GIS\Photos\0075.png
76;Peringatan Banjir;-7.52795;111.71173;Klumutan;Saradan;Madiun;2021;C:\Users\ardha\Documents\Data Rambu dan EWS\For GIS\Photos\0076.png
77;Jalur Evakuasi;-7.52897;111.70888;Klumutan;Saradan;Madiun;2021;C:\Users\ardha\Documents\Data Rambu dan EWS\For GIS\Photos\0077.png
78;Jalur Evakuasi;-7.46924;111.7488;Sumberbendo;Saradan;Madiun;2021;C:\Users\ardha\Documents\Data Rambu dan EWS\For GIS\Photos\0078.png
79;Jalur Evakuasi;-7.46791;111.75616;Sumberbendo;Saradan;Madiun;2021;C:\Users\ardha\Documents\Data Rambu dan EWS\For GIS\Photos\0079.png
80;Jalur Evakuasi;-7.46841;111.75236;Sumberbendo;Saradan;Madiun;2021;C:\Users\ardha\Documents\Data Rambu dan EWS\For GIS\Photos\0080.png
81;Jalur Evakuasi;-7.47344;111.76149;Sumberbendo;Saradan;Madiun;2021;C:\Users\ardha\Documents\Data Rambu dan EWS\For GIS\Photos\0081.png
82;Jalur Evakuasi;-7.62566;111.69345;Tawangrejo;Gemarang;Madiun;2021;C:\Users\ardha\Documents\Data Rambu dan EWS\For GIS\Photos\0082.png
83;Jalur Evakuasi;-7.65173;111.71104;Tawangrejo;Gemarang;Madiun;2021;C:\Users\ardha\Documents\Data Rambu dan EWS\For GIS\Photos\0083.png
84;Peringatan Longsor;-7.65844;111.72764;Tawangrejo;Gemarang;Madiun;2021;C:\Users\ardha\Documents\Data Rambu dan EWS\For GIS\Photos\0084.png
85;Peringatan Longsor;-7.62501;111.6922;Tawangrejo;Gemarang;Madiun;2021;C:\Users\ardha\Documents\Data Rambu dan EWS\For GIS\Photos\0085.png
86;Peringatan Longsor;-7.6935;111.73014;Durenan;Gemarang;Madiun;2021;C:\Users\ardha\Documents\Data Rambu dan EWS\For GIS\Photos\0086.png
87;Titik Kumpul;-7.6978;111.71423;Batok;Gemarang;Madiun;2021;C:\Users\ardha\Documents\Data Rambu dan EWS\For GIS\Photos\0087.png
88;Peringatan Banjir;-7.51751;111.66302;Kedungmaron;Pilangkenceng;Madiun;2021;C:\Users\ardha\Documents\Data Rambu dan EWS\For GIS\Photos\0088.png
89;Jalur Evakuasi;-7.52545;111.64733;Ngampel;Mejayan;Madiun;2021;C:\Users\ardha\Documents\Data Rambu dan EWS\For GIS\Photos\0089.png
90;Titik Kumpul;-7.52704;111.65226;Kedungrejo;Pilangkenceng;Madiun;2021;C:\Users\ardha\Documents\Data Rambu dan EWS\For GIS\Photos\0090.png
91;Jalur Evakuasi;-7.52426;111.63578;Purworejo;Pilangkenceng;Madiun;2021;C:\Users\ardha\Documents\Data Rambu dan EWS\For GIS\Photos\0091.png
92;Titik Kumpul;-7.52347;111.63583;Purworejo;Pilangkenceng;Madiun;2021;C:\Users\ardha\Documents\Data Rambu dan EWS\For GIS\Photos\0092.png
93;Peringatan Banjir;-7.52544;111.64376;Purworejo;Pilangkenceng;Madiun;2021;C:\Users\ardha\Documents\Data Rambu dan EWS\For GIS\Photos\0093.png
94;Jalur Evakuasi;-7.52859;111.71132;Klumutan;Saradan;Madiun;2021;C:\Users\ardha\Documents\Data Rambu dan EWS\For GIS\Photos\0094.png
95;Jalur Evakuasi;-7.52818;111.71035;Klumutan;Saradan;Madiun;2021;C:\Users\ardha\Documents\Data Rambu dan EWS\For GIS\Photos\0095.png
96;Jalur Evakuasi;-7.52869;111.71021;Klumutan;Saradan;Madiun;2021;C:\Users\ardha\Documents\Data Rambu dan EWS\For GIS\Photos\0096.png
97;Jalur Evakuasi;-7.52767;111.71056;Klumutan;Saradan;Madiun;2021;C:\Users\ardha\Documents\Data Rambu dan EWS\For GIS\Photos\0097.png
98;Jalur Evakuasi;-7.4685;111.74654;Sumberbendo;Saradan;Madiun;2021;C:\Users\ardha\Documents\Data Rambu dan EWS\For GIS\Photos\0098.png
99;Jalur Evakuasi;-7.46345;111.74373;Sumberbendo;Saradan;Madiun;2021;C:\Users\ardha\Documents\Data Rambu dan EWS\For GIS\Photos\0099.png
100;Jalur Evakuasi;-7.4698;111.75346;Sumberbendo;Saradan;Madiun;2021;C:\Users\ardha\Documents\Data Rambu dan EWS\For GIS\Photos\0100.png
101;Jalur Evakuasi;-7.47358;111.75819;Sumberbendo;Saradan;Madiun;2021;C:\Users\ardha\Documents\Data Rambu dan EWS\For GIS\Photos\0101.png
102;Jalur Evakuasi;-7.63564;111.69611;Tawangrejo;Gemarang;Madiun;2021;C:\Users\ardha\Documents\Data Rambu dan EWS\For GIS\Photos\0102.png
103;Jalur Evakuasi;-7.65916;111.72748;Tawangrejo;Gemarang;Madiun;2021;C:\Users\ardha\Documents\Data Rambu dan EWS\For GIS\Photos\0103.png
104;Jalur Evakuasi;-7.65352;111.72899;Tawangrejo;Gemarang;Madiun;2021;C:\Users\ardha\Documents\Data Rambu dan EWS\For GIS\Photos\0104.png
105;Jalur Evakuasi;-7.665188;111.69906;Tawangrejo;Gemarang;Madiun;2021;C:\Users\ardha\Documents\Data Rambu dan EWS\For GIS\Photos\0105.png
106;Peringatan Longsor;-7.70159;111.74102;Durenan;Gemarang;Madiun;2021;C:\Users\ardha\Documents\Data Rambu dan EWS\For GIS\Photos\0106.png
107;Peringatan Longsor;-7.69807;111.71203;Batok;Gemarang;Madiun;2021;C:\Users\ardha\Documents\Data Rambu dan EWS\For GIS\Photos\0107.png
108;Jalur Evakuasi;-7.51759;111.66299;Kedungmaron;Gemarang;Madiun;2021;C:\Users\ardha\Documents\Data Rambu dan EWS\For GIS\Photos\0108.png
109;Jalur Evakuasi;-7.52555;111.64805;Kedungrejo;Pilangkenceng;Madiun;2021;C:\Users\ardha\Documents\Data Rambu dan EWS\For GIS\Photos\0109.png
110;Jalur Evakuasi;-7.52889;111.65299;Nambangan Lor;Mangunharjo;Madiun;2021;C:\Users\ardha\Documents\Data Rambu dan EWS\For GIS\Photos\0110.png
111;Peringatan Banjir;-7.52402;111.63241;Purworejo;Pilangkenceng;Madiun;2021;C:\Users\ardha\Documents\Data Rambu dan EWS\For GIS\Photos\0111.png
112;Jalur Evakuasi;-7.52308;111.64169;Purworejo;Pilangkenceng;Madiun;2021;C:\Users\ardha\Documents\Data Rambu dan EWS\For GIS\Photos\0112.png
113;Jalur Evakuasi;-7.52395;111.63243;Purworejo;Pilangkenceng;Madiun;2021;C:\Users\ardha\Documents\Data Rambu dan EWS\For GIS\Photos\0113.png
114;Jalur Evakuasi;-7.52818;111.71033;Klumutan;Saradan;Madiun;2021;C:\Users\ardha\Documents\Data Rambu dan EWS\For GIS\Photos\0114.png
115;Jalur Evakuasi;-7.5287;111.70921;Klumutan;Saradan;Madiun;2021;C:\Users\ardha\Documents\Data Rambu dan EWS\For GIS\Photos\0115.png
116;Jalur Evakuasi;-7.52811;111.71283;Klumutan;Saradan;Madiun;2021;C:\Users\ardha\Documents\Data Rambu dan EWS\For GIS\Photos\0116.png
117;Jalur Evakuasi;-7.5282;111.7118;Klumutan;Saradan;Madiun;2021;C:\Users\ardha\Documents\Data Rambu dan EWS\For GIS\Photos\0117.png
118;Jalur Evakuasi;-7.46773;111.74366;Sumberbendo;Saradan;Madiun;2021;C:\Users\ardha\Documents\Data Rambu dan EWS\For GIS\Photos\0118.png
119;Jalur Evakuasi;-7.46913;111.7624;Sumberbendo;Saradan;Madiun;2021;C:\Users\ardha\Documents\Data Rambu dan EWS\For GIS\Photos\0119.png
120;Peringatan Longsor;-7.47282;111.7526;Sumberbendo;Saradan;Madiun;2021;C:\Users\ardha\Documents\Data Rambu dan EWS\For GIS\Photos\0120.png
121;Peringatan Longsor;-7.47391;111.74961;Sumberbendo;Saradan;Madiun;2021;C:\Users\ardha\Documents\Data Rambu dan EWS\For GIS\Photos\0121.png
122;Jalur Evakuasi;-7.61445;111.69429;Tawangrejo;Gemarang;Madiun;2021;C:\Users\ardha\Documents\Data Rambu dan EWS\For GIS\Photos\0122.png
123;Jalur Evakuasi;-7.63897;111.69552;Tawangrejo;Gemarang;Madiun;2021;C:\Users\ardha\Documents\Data Rambu dan EWS\For GIS\Photos\0123.png
124;Jalur Evakuasi;-7.65641;111.71582;Tawangrejo;Gemarang;Madiun;2021;C:\Users\ardha\Documents\Data Rambu dan EWS\For GIS\Photos\0124.png
125;Jalur Evakuasi;-7.65242;111.71299;Tawangrejo;Gemarang;Madiun;2021;C:\Users\ardha\Documents\Data Rambu dan EWS\For GIS\Photos\0125.png
126;Peringatan Longsor;-7.72413;111.73413;Durenan;Gemarang;Madiun;2021;C:\Users\ardha\Documents\Data Rambu dan EWS\For GIS\Photos\0126.png
127;Peringatan Longsor;-7.69964;111.71535;Batok;Gemarang;Madiun;2021;C:\Users\ardha\Documents\Data Rambu dan EWS\For GIS\Photos\0127.png
128;Jalur Evakuasi;-7.51775;111.66522;Kedungrejo;Pilangkenceng;Madiun;2021;C:\Users\ardha\Documents\Data Rambu dan EWS\For GIS\Photos\0128.png
129;Jalur Evakuasi;-7.52528;111.65016;Kedungmaron;Pilangkenceng;Madiun;2021;C:\Users\ardha\Documents\Data Rambu dan EWS\For GIS\Photos\0129.png
130;Jalur Evakuasi;-7.529;111.65469;Kedungmaron;Pilangkenceng;Madiun;2021;C:\Users\ardha\Documents\Data Rambu dan EWS\For GIS\Photos\0130.png
131;Peringatan Banjir;-7.52408;111.64015;Purworejo;Pilangkenceng;Madiun;2021;C:\Users\ardha\Documents\Data Rambu dan EWS\For GIS\Photos\0131.png
132;Jalur Evakuasi;-7.52536;111.63884;Purworejo;Pilangkenceng;Madiun;2021;C:\Users\ardha\Documents\Data Rambu dan EWS\For GIS\Photos\0132.png
133;Jalur Evakuasi;-7.52339;111.64012;Purworejo;Pilangkenceng;Madiun;2021;C:\Users\ardha\Documents\Data Rambu dan EWS\For GIS\Photos\0133.png
134;Jalur Evakuasi;-7.5284;111.71122;Klumutan;Saradan;Madiun;2021;C:\Users\ardha\Documents\Data Rambu dan EWS\For GIS\Photos\0134.png
135;Jalur Evakuasi;-7.52845;111.71187;Klumutan;Saradan;Madiun;2021;C:\Users\ardha\Documents\Data Rambu dan EWS\For GIS\Photos\0135.png
136;Jalur Evakuasi;-7.52886;111.71018;Klumutan;Saradan;Madiun;2021;C:\Users\ardha\Documents\Data Rambu dan EWS\For GIS\Photos\0136.png
137;Jalur Evakuasi;-7.52892;111.71419;Klumutan;Saradan;Madiun;2021;C:\Users\ardha\Documents\Data Rambu dan EWS\For GIS\Photos\0137.png
138;Jalur Evakuasi;-7.46848;111.76025;Klumutan;Saradan;Madiun;2021;C:\Users\ardha\Documents\Data Rambu dan EWS\For GIS\Photos\0138.png
139;Peringatan Longsor;-7.47444;111.74312;Sumberbendo;Saradan;Madiun;2021;C:\Users\ardha\Documents\Data Rambu dan EWS\For GIS\Photos\0139.png
140;Peringatan Longsor;-7.47339;111.75212;Sumberbendo;Saradan;Madiun;2021;C:\Users\ardha\Documents\Data Rambu dan EWS\For GIS\Photos\0140.png
141;Titik Kumpul;-7.65086;111.69832;Tawangrejo;Gemarang;Madiun;2021;C:\Users\ardha\Documents\Data Rambu dan EWS\For GIS\Photos\0141.png
142;Jalur Evakuasi;-7.62027;111.69219;Tawangrejo;Gemarang;Madiun;2021;C:\Users\ardha\Documents\Data Rambu dan EWS\For GIS\Photos\0142.png
143;Jalur Evakuasi;-7.65604;111.71378;Tawangrejo;Gemarang;Madiun;2021;C:\Users\ardha\Documents\Data Rambu dan EWS\For GIS\Photos\0143.png
144;Jalur Evakuasi;-7.66149;111.72158;Tawangrejo;Gemarang;Madiun;2021;C:\Users\ardha\Documents\Data Rambu dan EWS\For GIS\Photos\0144.png
145;Titik Kumpul;-7.65379;111.71358;Tawangrejo;Gemarang;Madiun;2021;C:\Users\ardha\Documents\Data Rambu dan EWS\For GIS\Photos\0145.png
146;Peringatan Longsor;-7.72116;111.73467;Durenan;Gemarang;Madiun;2021;C:\Users\ardha\Documents\Data Rambu dan EWS\For GIS\Photos\0146.png
147;Peringatan Longsor;-7.69514;111.72841;Batok;Gemarang;Madiun;2021;C:\Users\ardha\Documents\Data Rambu dan EWS\For GIS\Photos\0147.png
148;Jalur Evakuasi;-7.51543;111.66167;Kedungmaron;Pilangkenceng;Madiun;2021;C:\Users\ardha\Documents\Data Rambu dan EWS\For GIS\Photos\0148.png
149;Jalur Evakuasi;-7.52569;111.64491;Purworejo;Pilangkenceng;Madiun;2021;C:\Users\ardha\Documents\Data Rambu dan EWS\For GIS\Photos\0149.png
150;Peringatan Banjir;-7.52537;111.65041;Kedungrejo;Pilangkenceng;Madiun;2021;C:\Users\ardha\Documents\Data Rambu dan EWS\For GIS\Photos\0150.png
151;Jalur Evakuasi;-7.74499;111.82765;Tengger;Ngetos;Nganjuk;2021;C:\Users\ardha\Documents\Data Rambu dan EWS\For GIS\Photos\0151.png
152;Peringatan Longsor;-7.72259;111.76458;Gambyok;Sawahan;Nganjuk;2021;C:\Users\ardha\Documents\Data Rambu dan EWS\For GIS\Photos\0152.png
153;Peringatan Longsor;-7.72721;111.77295;Sedudo;Sawahan;Nganjuk;2021;C:\Users\ardha\Documents\Data Rambu dan EWS\For GIS\Photos\0153.png
154;Peringatan Banjir;-7.64468;111.86915;Sendang Bumen;Berbek;Nganjuk;2021;C:\Users\ardha\Documents\Data Rambu dan EWS\For GIS\Photos\0154.png
155;Titik Kumpul;-7.7012;111.79481;Margoput;Sawahan;Nganjuk;2021;C:\Users\ardha\Documents\Data Rambu dan EWS\For GIS\Photos\0155.png
156;Peringatan Banjir;-7.63345;111.86809;Tiripan;Berbek;Nganjuk;2021;C:\Users\ardha\Documents\Data Rambu dan EWS\For GIS\Photos\0156.png
157;Peringatan Banjir;-7.50916;111.90334;Musim Lor;Rejoso;Nganjuk;2021;C:\Users\ardha\Documents\Data Rambu dan EWS\For GIS\Photos\0157.png
158;Peringatan Banjir;-7.61751;111.98974;Ploso;Nganjuk;Nganjuk;2021;C:\Users\ardha\Documents\Data Rambu dan EWS\For GIS\Photos\0158.png
159;Peringatan Banjir;-7.65685;111.94133;Kecubung;Pace;Nganjuk;2021;C:\Users\ardha\Documents\Data Rambu dan EWS\For GIS\Photos\0159.png
160;Peringatan Longsor;-7.74776;111.8053;Burikan;Ngetos;Nganjuk;2021;C:\Users\ardha\Documents\Data Rambu dan EWS\For GIS\Photos\0160.png
161;Peringatan Longsor;-7.71144;111.83204;Dlopo;Ngetos;Nganjuk;2021;C:\Users\ardha\Documents\Data Rambu dan EWS\For GIS\Photos\0161.png
162;Jalur Evakuasi;-7.65914;111.92021;Banaran;Pace;Nganjuk;2021;C:\Users\ardha\Documents\Data Rambu dan EWS\For GIS\Photos\0162.png
163;Peringatan Banjir;-7.61041;111.88089;Sekarputih;Bagor;Nganjuk;2021;C:\Users\ardha\Documents\Data Rambu dan EWS\For GIS\Photos\0163.png
164;Titik Kumpul;-7.62418;111.86428;Bringkil;Berbek;Nganjuk;2021;C:\Users\ardha\Documents\Data Rambu dan EWS\For GIS\Photos\0164.png
165;Jalur Evakuasi;-7.62454;111.86219;Bringkil;Berbek;Nganjuk;2021;C:\Users\ardha\Documents\Data Rambu dan EWS\For GIS\Photos\0165.png
166;Jalur Evakuasi;-7.70269;111.79729;Petung Ulung;Sawahan;Nganjuk;2021;C:\Users\ardha\Documents\Data Rambu dan EWS\For GIS\Photos\0166.png
167;Peringatan Longsor;-7.75988;111.85732;Bajulan;Loceret;Nganjuk;2021;C:\Users\ardha\Documents\Data Rambu dan EWS\For GIS\Photos\0167.png
168;Peringatan Longsor;-7.75836;111.85864;Bajulan;Loceret;Nganjuk;2021;C:\Users\ardha\Documents\Data Rambu dan EWS\For GIS\Photos\0168.png
169;Peringatan Longsor;-7.75762;111.83663;Klodan;Ngetos;Nganjuk;2021;C:\Users\ardha\Documents\Data Rambu dan EWS\For GIS\Photos\0169.png
170;Peringatan Longsor;-7.74671;111.82809;Blongko;Ngetos;Nganjuk;2021;C:\Users\ardha\Documents\Data Rambu dan EWS\For GIS\Photos\0170.png
171;Jalur Evakuasi;-7.74559;111.8311;Blongko;Ngetos;Nganjuk;2021;C:\Users\ardha\Documents\Data Rambu dan EWS\For GIS\Photos\0171.png
172;Jalur Evakuasi;-7.74363;111.82825;Blongko;Ngetos;Nganjuk;2021;C:\Users\ardha\Documents\Data Rambu dan EWS\For GIS\Photos\0172.png
173;Peringatan Longsor;-7.72276;111.76495;Sidorejo;Sawahan;Nganjuk;2021;C:\Users\ardha\Documents\Data Rambu dan EWS\For GIS\Photos\0173.png
174;Peringatan Longsor;-7.73647;111.76582;Bulurejo;Sawahan;Nganjuk;2021;C:\Users\ardha\Documents\Data Rambu dan EWS\For GIS\Photos\0174.png
175;Peringatan Longsor;-7.70273;111.7972;Margoput;Sawahan;Nganjuk;2021;C:\Users\ardha\Documents\Data Rambu dan EWS\For GIS\Photos\0175.png
176;Titik Kumpul;-7.70141;111.79659;Margoput;Sawahan;Nganjuk;2021;C:\Users\ardha\Documents\Data Rambu dan EWS\For GIS\Photos\0176.png
177;Peringatan Banjir;-7.63067;111.86836;Tiripan;Berbek;Nganjuk;2021;C:\Users\ardha\Documents\Data Rambu dan EWS\For GIS\Photos\0177.png
178;Peringatan Banjir;-7.5269;111.90152;Rejoso;Rejoso;Nganjuk;2021;C:\Users\ardha\Documents\Data Rambu dan EWS\For GIS\Photos\0178.png
179;Peringatan Banjir;-7.60744;111.90398;Payaman;Nganjuk;Nganjuk;2021;C:\Users\ardha\Documents\Data Rambu dan EWS\For GIS\Photos\0179.png
180;Peringatan Banjir;-7.65951;111.91922;Banaran;Pace;Nganjuk;2021;C:\Users\ardha\Documents\Data Rambu dan EWS\For GIS\Photos\0180.png
181;Jalur Evakuasi;-7.74686;111.80539;Burikan;Ngetos;Nganjuk;2021;C:\Users\ardha\Documents\Data Rambu dan EWS\For GIS\Photos\0181.png
182;Titik Kumpul;-7.71984;111.82723;Kepel;Ngetos;Nganjuk;2021;C:\Users\ardha\Documents\Data Rambu dan EWS\For GIS\Photos\0182.png
183;Peringatan Banjir;-7.69831;111.92487;Johopare;Pace;Nganjuk;2021;C:\Users\ardha\Documents\Data Rambu dan EWS\For GIS\Photos\0183.png
184;Peringatan Banjir;-7.70247;111.92673;Johopare;Pace;Nganjuk;2021;C:\Users\ardha\Documents\Data Rambu dan EWS\For GIS\Photos\0184.png
185;Titik Kumpul;-7.61714;111.86617;Grojogan;Berbek;Nganjuk;2021;C:\Users\ardha\Documents\Data Rambu dan EWS\For GIS\Photos\0185.png
186;Jalur Evakuasi;-7.73396;111.78889;Sembung;Ngronggot;Nganjuk;2021;C:\Users\ardha\Documents\Data Rambu dan EWS\For GIS\Photos\0186.png
187;Jalur Evakuasi;-7.70147;111.79825;Petung Ulung;Sawahan;Nganjuk;2021;C:\Users\ardha\Documents\Data Rambu dan EWS\For GIS\Photos\0187.png
188;Peringatan Longsor;-7.75526;111.83449;Klodan;Ngetos;Nganjuk;2021;C:\Users\ardha\Documents\Data Rambu dan EWS\For GIS\Photos\0188.png
189;Peringatan Longsor;-7.74817;111.82956;Klodan;Ngetos;Nganjuk;2021;C:\Users\ardha\Documents\Data Rambu dan EWS\For GIS\Photos\0189.png
190;Titik Kumpul;-7.73848;111.83314;Blongko;Ngetos;Nganjuk;2021;C:\Users\ardha\Documents\Data Rambu dan EWS\For GIS\Photos\0190.png
191;Peringatan Longsor;-7.74006;111.8325;Blongko;Ngetos;Nganjuk;2021;C:\Users\ardha\Documents\Data Rambu dan EWS\For GIS\Photos\0191.png
192;Peringatan Longsor;-7.72414;111.83369;Blongko;Ngetos;Nganjuk;2021;C:\Users\ardha\Documents\Data Rambu dan EWS\For GIS\Photos\0192.png
193;Jalur Evakuasi;-7.76107;111.82037;Blongko;Ngetos;Nganjuk;2021;C:\Users\ardha\Documents\Data Rambu dan EWS\For GIS\Photos\0193.png
194;Peringatan Longsor;-7.69617;111.79745;Siwalan;Sawahan;Nganjuk;2021;C:\Users\ardha\Documents\Data Rambu dan EWS\For GIS\Photos\0194.png
195;Peringatan Longsor;-7.72176;111.77204;Sidorejo;Sawahan;Nganjuk;2021;C:\Users\ardha\Documents\Data Rambu dan EWS\For GIS\Photos\0195.png
196;Titik Kumpul;-7.72981;111.77022;Sawahan;Sawahan;Nganjuk;2021;C:\Users\ardha\Documents\Data Rambu dan EWS\For GIS\Photos\0196.png
197;Peringatan Longsor;-7.7017;111.79902;Margoput;Sawahan;Nganjuk;2021;C:\Users\ardha\Documents\Data Rambu dan EWS\For GIS\Photos\0197.png
198;Peringatan Banjir;-7.61859;111.8658;Grojogan;Berbek;Nganjuk;2021;C:\Users\ardha\Documents\Data Rambu dan EWS\For GIS\Photos\0198.png
199;Peringatan Banjir;-7.53471;111.90138;Klagen;Rejoso;Nganjuk;2021;C:\Users\ardha\Documents\Data Rambu dan EWS\For GIS\Photos\0199.png
200;Peringatan Banjir;-7.65538;111.92474;Banaran;Pace;Nganjuk;2021;C:\Users\ardha\Documents\Data Rambu dan EWS\For GIS\Photos\0200.png
201;Peringatan Longsor;-7.70658;111.83626;Badong;Ngetos;Nganjuk;2021;C:\Users\ardha\Documents\Data Rambu dan EWS\For GIS\Photos\0201.png
202;Peringatan Longsor;-7.74686;111.80539;Burikan;Ngetos;Nganjuk;2021;C:\Users\ardha\Documents\Data Rambu dan EWS\For GIS\Photos\0202.png
203;Jalur Evakuasi;-7.7454;111.80603;Kepel;Ngetos;Nganjuk;2021;C:\Users\ardha\Documents\Data Rambu dan EWS\For GIS\Photos\0203.png
204;Peringatan Banjir;-7.68812;111.93218;Sanan Kulon;Pace;Nganjuk;2021;C:\Users\ardha\Documents\Data Rambu dan EWS\For GIS\Photos\0204.png
205;Titik Kumpul;-7.62466;111.86935;Sono Patik;Berbek;Nganjuk;2021;C:\Users\ardha\Documents\Data Rambu dan EWS\For GIS\Photos\0205.png
206;Titik Kumpul;-7.61764;111.87208;Sono Patik;Berbek;Nganjuk;2021;C:\Users\ardha\Documents\Data Rambu dan EWS\For GIS\Photos\0206.png
207;Jalur Evakuasi;-7.56754;111.80674;Sembung;Ngronggot;Nganjuk;2021;C:\Users\ardha\Documents\Data Rambu dan EWS\For GIS\Photos\0207.png
208;Jalur Evakuasi;-7.70049;111.79519;Petung Ulung;Sawahan;Nganjuk;2021;C:\Users\ardha\Documents\Data Rambu dan EWS\For GIS\Photos\0208.png
209;Titik Kumpul;-7.74547;111.83104;Blongko;Ngetos;Nganjuk;2021;C:\Users\ardha\Documents\Data Rambu dan EWS\For GIS\Photos\0209.png
210;Titik Kumpul;-7.7499;111.83396;Klodan;Ngetos;Nganjuk;2021;C:\Users\ardha\Documents\Data Rambu dan EWS\For GIS\Photos\0210.png
211;Peringatan Longsor;-7.74458;111.8299;Blongko;Ngetos;Nganjuk;2021;C:\Users\ardha\Documents\Data Rambu dan EWS\For GIS\Photos\0211.png
212;Titik Kumpul;-7.7012;111.84173;Selopuro;Ngetos;Nganjuk;2021;C:\Users\ardha\Documents\Data Rambu dan EWS\For GIS\Photos\0212.png
213;Jalur Evakuasi;-7.70643;111.83907;Ngetos;Ngetos;Nganjuk;2021;C:\Users\ardha\Documents\Data Rambu dan EWS\For GIS\Photos\0213.png
214;Jalur Evakuasi;-7.74522;111.83037;Blongko;Ngetos;Nganjuk;2021;C:\Users\ardha\Documents\Data Rambu dan EWS\For GIS\Photos\0214.png
215;Peringatan Longsor;-7.73859;111.76457;Sempu;Sawahan;Nganjuk;2021;C:\Users\ardha\Documents\Data Rambu dan EWS\For GIS\Photos\0215.png
216;Peringatan Longsor;-7.71163;111.77225;Duren;Sawahan;Nganjuk;2021;C:\Users\ardha\Documents\Data Rambu dan EWS\For GIS\Photos\0216.png
217;Titik Kumpul;-7.67104;111.83736;Maguan;Berbek;Nganjuk;2021;C:\Users\ardha\Documents\Data Rambu dan EWS\For GIS\Photos\0217.png
218;Peringatan Banjir;-7.62716;111.86548;Sono Patik;Berbek;Nganjuk;2021;C:\Users\ardha\Documents\Data Rambu dan EWS\For GIS\Photos\0218.png
219;Peringatan Banjir;-7.6287;111.85959;Bringkil;Berbek;Nganjuk;2021;C:\Users\ardha\Documents\Data Rambu dan EWS\For GIS\Photos\0219.png
220;Peringatan Banjir;-7.66279;111.95723;Gemenggeng;Rejoso;Nganjuk;2021;C:\Users\ardha\Documents\Data Rambu dan EWS\For GIS\Photos\0220.png
221;Peringatan Banjir;-7.6001;111.89744;Kauman;Nganjuk;Nganjuk;2021;C:\Users\ardha\Documents\Data Rambu dan EWS\For GIS\Photos\0221.png
222;Titik Kumpul;-7.74187;111.80612;Burikan;Ngetos;Nganjuk;2021;C:\Users\ardha\Documents\Data Rambu dan EWS\For GIS\Photos\0222.png
223;Jalur Evakuasi;-7.74389;111.80585;Burikan;Ngetos;Nganjuk;2021;C:\Users\ardha\Documents\Data Rambu dan EWS\For GIS\Photos\0223.png
224;Peringatan Longsor;-7.72115;111.82607;Kepel;Ngetos;Nganjuk;2021;C:\Users\ardha\Documents\Data Rambu dan EWS\For GIS\Photos\0224.png
225;Peringatan Banjir;-7.69091;111.93898;Sanan Kulon;Pace;Nganjuk;2021;C:\Users\ardha\Documents\Data Rambu dan EWS\For GIS\Photos\0225.png
226;Peringatan Banjir;-7.60371;111.88275;Sekarputih;Bagor;Nganjuk;2021;C:\Users\ardha\Documents\Data Rambu dan EWS\For GIS\Photos\0226.png
227;Titik Kumpul;-7.63299;111.86943;Tiripan;Berbek;Nganjuk;2021;C:\Users\ardha\Documents\Data Rambu dan EWS\For GIS\Photos\0227.png
228;Peringatan Longsor;-7.74192;111.765115;Sembung;Ngronggot;Nganjuk;2021;C:\Users\ardha\Documents\Data Rambu dan EWS\For GIS\Photos\0228.png
229;Peringatan Longsor;-7.74075;111.79312;Sembung;Ngronggot;Nganjuk;2021;C:\Users\ardha\Documents\Data Rambu dan EWS\For GIS\Photos\0229.png
230;Titik Kumpul;-7.70293;111.84139;Selopuro;Ngetos;Nganjuk;2021;C:\Users\ardha\Documents\Data Rambu dan EWS\For GIS\Photos\0230.png
231;Peringatan Longsor;-7.74827;111.83331;Klodan;Ngetos;Nganjuk;2021;C:\Users\ardha\Documents\Data Rambu dan EWS\For GIS\Photos\0231.png
232;Peringatan Longsor;-7.76112;111.81871;Klodan;Ngetos;Nganjuk;2021;C:\Users\ardha\Documents\Data Rambu dan EWS\For GIS\Photos\0232.png
233;Jalur Evakuasi;-7.70406;111.8411;Selopuro;Ngetos;Nganjuk;2021;C:\Users\ardha\Documents\Data Rambu dan EWS\For GIS\Photos\0233.png
234;Peringatan Longsor;-7.70649;111.83845;Ngetos;Ngetos;Nganjuk;2021;C:\Users\ardha\Documents\Data Rambu dan EWS\For GIS\Photos\0234.png
235;Jalur Evakuasi;-7.74;111.83277;Blongko;Ngetos;Nganjuk;2021;C:\Users\ardha\Documents\Data Rambu dan EWS\For GIS\Photos\0235.png
236;Peringatan Longsor;-7.72809;111.77303;Sedudo;Sawahan;Nganjuk;2021;C:\Users\ardha\Documents\Data Rambu dan EWS\For GIS\Photos\0236.png
237;Peringatan Longsor;-7.69943;111.79598;Sidorejo;Sawahan;Nganjuk;2021;C:\Users\ardha\Documents\Data Rambu dan EWS\For GIS\Photos\0237.png
238;Peringatan Banjir;-7.67517;111.83161;Maguan;Berbek;Nganjuk;2021;C:\Users\ardha\Documents\Data Rambu dan EWS\For GIS\Photos\0238.png
239;Peringatan Banjir;-7.61754;111.86931;Sono Patik;Berbek;Nganjuk;2021;C:\Users\ardha\Documents\Data Rambu dan EWS\For GIS\Photos\0239.png
240;Peringatan Banjir;-7.64126;111.86256;Sendang Bumen;Berbek;Nganjuk;2021;C:\Users\ardha\Documents\Data Rambu dan EWS\For GIS\Photos\0240.png
241;Peringatan Banjir;-7.5202;111.90507;Banjarejo;Rejoso;Nganjuk;2021;C:\Users\ardha\Documents\Data Rambu dan EWS\For GIS\Photos\0241.png
242;Titik Kumpul;-7.65465;111.92197;Banaran;Pace;Nganjuk;2021;C:\Users\ardha\Documents\Data Rambu dan EWS\For GIS\Photos\0242.png
243;Titik Kumpul;-7.74118;111.80642;Burikan;Ngetos;Nganjuk;2021;C:\Users\ardha\Documents\Data Rambu dan EWS\For GIS\Photos\0243.png
244;Peringatan Longsor;-7.74548;111.80592;Burikan;Ngetos;Nganjuk;2021;C:\Users\ardha\Documents\Data Rambu dan EWS\For GIS\Photos\0244.png
245;Titik Kumpul;-7.71476;111.82989;Kepel;Ngetos;Nganjuk;2021;C:\Users\ardha\Documents\Data Rambu dan EWS\For GIS\Photos\0245.png
246;Jalur Evakuasi;-7.6551;111.92482;Kecubung;Pace;Nganjuk;2021;C:\Users\ardha\Documents\Data Rambu dan EWS\For GIS\Photos\0246.png
247;Titik Kumpul;-7.66187;111.94318;Gemenggeng;Pace;Nganjuk;2021;C:\Users\ardha\Documents\Data Rambu dan EWS\For GIS\Photos\0247.png
248;Titik Kumpul;-7.64501;111.86414;Sendang Bumen;Berbek;Nganjuk;2021;C:\Users\ardha\Documents\Data Rambu dan EWS\For GIS\Photos\0248.png
249;Jalur Evakuasi;-7.62515;111.86372;Bringkil;Berbek;Nganjuk;2021;C:\Users\ardha\Documents\Data Rambu dan EWS\For GIS\Photos\0249.png
250;Jalur Evakuasi;-7.70215;111.79793;Petung Ulung;Sawahan;Nganjuk;2021;C:\Users\ardha\Documents\Data Rambu dan EWS\For GIS\Photos\0250.png
251;Jalur Evakuasi;-7.73129;111.30036;Cileng;Poncol;Magetan;2021;C:\Users\ardha\Documents\Data Rambu dan EWS\For GIS\Photos\0251.png
252;Jalur Evakuasi;-7.73451;111.29909;Cileng;Poncol;Magetan;2021;C:\Users\ardha\Documents\Data Rambu dan EWS\For GIS\Photos\0252.png
253;Titik Kumpul;-7.72982;111.29038;Cileng;Poncol;Magetan;2021;C:\Users\ardha\Documents\Data Rambu dan EWS\For GIS\Photos\0253.png
254;Jalur Evakuasi;-7.52809;111.50257;Ngelang;Kartoharjo;Magetan;2021;C:\Users\ardha\Documents\Data Rambu dan EWS\For GIS\Photos\0254.png
255;Jalur Evakuasi;-7.52661;111.50331;Ngelang;Kartoharjo;Magetan;2021;C:\Users\ardha\Documents\Data Rambu dan EWS\For GIS\Photos\0255.png
256;Jalur Evakuasi;-7.52103;111.50519;Ngelang;Kartoharjo;Magetan;2021;C:\Users\ardha\Documents\Data Rambu dan EWS\For GIS\Photos\0256.png
257;Jalur Evakuasi;-7.74918;111.45173;Kedungpanji;Lembeyan;Magetan;2021;C:\Users\ardha\Documents\Data Rambu dan EWS\For GIS\Photos\0257.png
258;Jalur Evakuasi;-7.74745;111.4518;Kedungpanji;Lembeyan;Magetan;2021;C:\Users\ardha\Documents\Data Rambu dan EWS\For GIS\Photos\0258.png
259;Titik Kumpul;-7.52536;111.48668;Jajar;Kartoharjo;Magetan;2021;C:\Users\ardha\Documents\Data Rambu dan EWS\For GIS\Photos\0259.png
260;Jalur Evakuasi;-7.51948;111.48855;Jajar;Kartoharjo;Magetan;2021;C:\Users\ardha\Documents\Data Rambu dan EWS\For GIS\Photos\0260.png
261;Peringatan Banjir;-7.5247;111.48692;Jajar;Kartoharjo;Magetan;2021;C:\Users\ardha\Documents\Data Rambu dan EWS\For GIS\Photos\0261.png
262;Jalur Evakuasi;-7.73486;111.30106;Cileng;Poncol;Magetan;2021;C:\Users\ardha\Documents\Data Rambu dan EWS\For GIS\Photos\0262.png
263;Jalur Evakuasi;-7.7326;111.29467;Cileng;Poncol;Magetan;2021;C:\Users\ardha\Documents\Data Rambu dan EWS\For GIS\Photos\0263.png
264;Jalur Evakuasi;-7.7328;111.29859;Cileng;Poncol;Magetan;2021;C:\Users\ardha\Documents\Data Rambu dan EWS\For GIS\Photos\0264.png
265;Jalur Evakuasi;-7.52285;111.5041;Ngelang;Kartoharjo;Magetan;2021;C:\Users\ardha\Documents\Data Rambu dan EWS\For GIS\Photos\0265.png
266;Jalur Evakuasi;-7.5239;111.50473;Ngelang;Kartoharjo;Magetan;2021;C:\Users\ardha\Documents\Data Rambu dan EWS\For GIS\Photos\0266.png
267;Peringatan Banjir;-7.52733;111.50069;Ngelang;Kartoharjo;Magetan;2021;C:\Users\ardha\Documents\Data Rambu dan EWS\For GIS\Photos\0267.png
268;Peringatan Banjir;-7.74951;111.45166;Kedungpanji;Lembeyan;Magetan;2021;C:\Users\ardha\Documents\Data Rambu dan EWS\For GIS\Photos\0268.png
269;Jalur Evakuasi;-7.74553;111.45183;Kedungpanji;Lembeyan;Magetan;2021;C:\Users\ardha\Documents\Data Rambu dan EWS\For GIS\Photos\0269.png
270;Jalur Evakuasi;-7.52488;111.48688;Jajar;Kartoharjo;Magetan;2021;C:\Users\ardha\Documents\Data Rambu dan EWS\For GIS\Photos\0270.png
271;Jalur Evakuasi;-7.52038;111.48931;Jajar;Kartoharjo;Magetan;2021;C:\Users\ardha\Documents\Data Rambu dan EWS\For GIS\Photos\0271.png
272;Jalur Evakuasi;-7.52594;111.48652;Jajar;Kartoharjo;Magetan;2021;C:\Users\ardha\Documents\Data Rambu dan EWS\For GIS\Photos\0272.png
273;Jalur Evakuasi;-7.73468;111.28684;Cileng;Poncol;Magetan;2021;C:\Users\ardha\Documents\Data Rambu dan EWS\For GIS\Photos\0273.png
274;Jalur Evakuasi;-7.7352;111.28069;Cileng;Poncol;Magetan;2021;C:\Users\ardha\Documents\Data Rambu dan EWS\For GIS\Photos\0274.png
275;Peringatan Longsor;-7.72982;111.30248;Ngaglik;Parang;Magetan;2021;C:\Users\ardha\Documents\Data Rambu dan EWS\For GIS\Photos\0275.png
276;Jalur Evakuasi;-7.52143;111.50623;Ngelang;Kartoharjo;Magetan;2021;C:\Users\ardha\Documents\Data Rambu dan EWS\For GIS\Photos\0276.png
277;Jalur Evakuasi;-7.52233;111.50582;Ngelang;Kartoharjo;Magetan;2021;C:\Users\ardha\Documents\Data Rambu dan EWS\For GIS\Photos\0277.png
278;Jalur Evakuasi;-7.74672;111.45177;Kedungpanji;Lembeyan;Magetan;2021;C:\Users\ardha\Documents\Data Rambu dan EWS\For GIS\Photos\0278.png
279;Jalur Evakuasi;-7.74662;111.45175;Kedungpanji;Lembeyan;Magetan;2021;C:\Users\ardha\Documents\Data Rambu dan EWS\For GIS\Photos\0279.png
280;Jalur Evakuasi;-7.74422;111.45388;Kedungpanji;Lembeyan;Magetan;2021;C:\Users\ardha\Documents\Data Rambu dan EWS\For GIS\Photos\0280.png
281;Jalur Evakuasi;-7.52263;111.48769;Jajar;Kartoharjo;Magetan;2021;C:\Users\ardha\Documents\Data Rambu dan EWS\For GIS\Photos\0281.png
282;Jalur Evakuasi;-7.52007;111.48848;Jajar;Kartoharjo;Magetan;2021;C:\Users\ardha\Documents\Data Rambu dan EWS\For GIS\Photos\0282.png
283;Jalur Evakuasi;-7.523;111.48902;Jajar;Kartoharjo;Magetan;2021;C:\Users\ardha\Documents\Data Rambu dan EWS\For GIS\Photos\0283.png
284;Jalur Evakuasi;-7.7344;111.28035;Cileng;Poncol;Magetan;2021;C:\Users\ardha\Documents\Data Rambu dan EWS\For GIS\Photos\0284.png
285;Jalur Evakuasi;-7.73601;111.28385;Cileng;Poncol;Magetan;2021;C:\Users\ardha\Documents\Data Rambu dan EWS\For GIS\Photos\0285.png
286;Jalur Evakuasi;-7.52159;111.48803;Jajar;Kartoharjo;Magetan;2021;C:\Users\ardha\Documents\Data Rambu dan EWS\For GIS\Photos\0286.png
287;Jalur Evakuasi;-7.52182;111.50455;Ngelang;Kartoharjo;Magetan;2021;C:\Users\ardha\Documents\Data Rambu dan EWS\For GIS\Photos\0287.png
288;Jalur Evakuasi;-7.52308;111.50528;Ngelang;Kartoharjo;Magetan;2021;C:\Users\ardha\Documents\Data Rambu dan EWS\For GIS\Photos\0288.png
289;Titik Kumpul;-7.74997;111.45168;Kedungpanji;Lembeyan;Magetan;2021;C:\Users\ardha\Documents\Data Rambu dan EWS\For GIS\Photos\0289.png
290;Jalur Evakuasi;-7.75057;111.45168;Kedungpanji;Lembeyan;Magetan;2021;C:\Users\ardha\Documents\Data Rambu dan EWS\For GIS\Photos\0290.png
291;Jalur Evakuasi;-7.74525;111.45383;Kedungpanji;Lembeyan;Magetan;2021;C:\Users\ardha\Documents\Data Rambu dan EWS\For GIS\Photos\0291.png
292;Jalur Evakuasi;-7.52113;111.48822;Jajar;Kartoharjo;Magetan;2021;C:\Users\ardha\Documents\Data Rambu dan EWS\For GIS\Photos\0292.png
293;Jalur Evakuasi;-7.52026;111.4885;Jajar;Kartoharjo;Magetan;2021;C:\Users\ardha\Documents\Data Rambu dan EWS\For GIS\Photos\0293.png
294;Jalur Evakuasi;-7.52194;111.48927;Jajar;Kartoharjo;Magetan;2021;C:\Users\ardha\Documents\Data Rambu dan EWS\For GIS\Photos\0294.png
295;Jalur Evakuasi;-7.73512;111.28262;Cileng;Poncol;Magetan;2021;C:\Users\ardha\Documents\Data Rambu dan EWS\For GIS\Photos\0295.png
296;Jalur Evakuasi;-7.73573;111.28494;Cileng;Poncol;Magetan;2021;C:\Users\ardha\Documents\Data Rambu dan EWS\For GIS\Photos\0296.png
297;Jalur Evakuasi;-7.74694;111.4536;Kedungpanji;Lembeyan;Magetan;2021;C:\Users\ardha\Documents\Data Rambu dan EWS\For GIS\Photos\0297.png
298;Jalur Evakuasi;-7.52353;111.50383;Ngelang;Kartoharjo;Magetan;2021;C:\Users\ardha\Documents\Data Rambu dan EWS\For GIS\Photos\0298.png
299;Titik Kumpul;-7.52683;111.49926;Ngelang;Kartoharjo;Magetan;2021;C:\Users\ardha\Documents\Data Rambu dan EWS\For GIS\Photos\0299.png
300;Jalur Evakuasi;-7.74145;111.45187;Kedungpanji;Lembeyan;Magetan;2021;C:\Users\ardha\Documents\Data Rambu dan EWS\For GIS\Photos\0300.png
